customer_id,probability_no_churn,probability_churn,predict_churn
3420-YJLQT,0.7,0.3,0
6543-JXSOO,0.8,0.2,0
5577-OTWWW,0.55,0.45,0
6646-JPPHA,0.55,0.45,0
5759-RCVCB,0.45,0.55,1
9847-HNVGP,1.0,0.0,0
5909-ECHUI,0.45,0.55,1
4418-LZMSV,0.8,0.2,0
5542-DHSXL,0.7,0.3,0
2568-OIADY,0.45,0.55,1
5322-TEUJK,1.0,0.0,0
0887-HJGAR,0.55,0.45,0
7781-EWARA,0.7,0.3,0
8048-DSDFQ,0.55,0.45,0
4074-SJFFA,0.45,0.55,1
5044-LRQAQ,0.55,0.45,0
6908-VVYHM,0.6,0.4,0
3396-DKDEL,1.0,0.0,0
0650-BWOZN,0.6,0.4,0
3776-EKTKM,0.4,0.6,1
7921-BEPCI,0.95,0.05,0
8577-QSOCG,1.0,0.0,0
7706-DZNKK,0.55,0.45,0
0365-TRTPY,0.8,0.2,0
8519-IMDHU,0.4,0.6,1
5232-NXPAY,1.0,0.0,0
3786-WOVKF,0.75,0.25,0
8805-JNRAZ,0.7,0.3,0
9481-SFCQY,0.6,0.4,0
1389-CXMLU,0.5,0.5,0
1324-NLTJE,0.6,0.4,0
1642-HMARX,1.0,0.0,0
5442-XSDCW,0.45,0.55,1
2242-MFOTG,1.0,0.0,0
8450-UYIBU,0.5,0.5,0
6771-XWBDM,0.6,0.4,0
3398-FSHON,0.5,0.5,0
9761-XUJWD,0.65,0.35,0
4013-GUXND,0.55,0.45,0
1360-JYXKQ,0.75,0.25,0
2446-ZKVAF,0.7,0.3,0
4701-MLJPN,0.7,0.3,0
3511-APPBJ,0.8,0.2,0
3378-AJRAO,1.0,0.0,0
6103-BOCOU,0.7,0.3,0
2799-TSLAG,1.0,0.0,0
1839-UMACK,1.0,0.0,0
6088-BXMRG,0.45,0.55,1
4159-NAAIX,0.9,0.1,0
9451-LPGOO,0.45,0.55,1
8800-JOOCF,0.45,0.55,1
2969-WGHQO,1.0,0.0,0
2988-QRAJY,0.9,0.1,0
0902-XKXPN,1.0,0.0,0
8174-TBVCF,1.0,0.0,0
2977-CEBSX,1.0,0.0,0
9142-XMYJH,0.55,0.45,0
6064-ZATLR,0.95,0.05,0
0121-SNYRK,0.95,0.05,0
5889-JTMUL,0.75,0.25,0
1626-ERCMM,0.45,0.55,1
8044-BGWPI,0.55,0.45,0
2659-VXMWZ,0.7,0.3,0
0322-YINQP,0.7,0.3,0
1455-HFBXA,0.95,0.05,0
1502-XFCVR,0.7,0.3,0
8409-WQJUX,0.8,0.2,0
2959-EEXWB,0.45,0.55,1
3823-KYNQY,1.0,0.0,0
4627-MIHJH,0.95,0.05,0
1342-JPNKI,0.45,0.55,1
8481-YYXWG,0.65,0.35,0
3563-SVYLG,0.95,0.05,0
3594-KADLU,0.7,0.3,0
6729-FZWSY,1.0,0.0,0
7325-ENZFI,0.8,0.2,0
3336-JORSO,0.8,0.2,0
1383-EZRWL,0.55,0.45,0
9474-PHLYD,0.6,0.4,0
7729-XBTWX,1.0,0.0,0
3566-CAAYU,0.95,0.05,0
0931-MHTEM,0.8,0.2,0
7876-DNYAP,1.0,0.0,0
0811-GSDTP,0.7,0.3,0
0831-JNISG,1.0,0.0,0
0529-ONKER,0.35,0.65,1
9916-AYHTC,1.0,0.0,0
6086-ESGRL,0.45,0.55,1
2211-RMNHO,0.9,0.1,0
1563-IWQEX,0.55,0.45,0
1830-GGFNM,0.95,0.05,0
5307-DZCVC,0.4,0.6,1
1208-DNHLN,1.0,0.0,0
9546-KDTRB,0.55,0.45,0
9068-VPWQQ,0.95,0.05,0
9529-OFXHY,0.6,0.4,0
8456-QDAVC,0.45,0.55,1
7722-CVFXN,0.8,0.2,0
7831-QGOXH,0.45,0.55,1
8050-XGRVL,0.95,0.05,0
9091-WTUUY,0.95,0.05,0
8231-BSWXX,1.0,0.0,0
8659-IOOPU,0.95,0.05,0
8565-HBFNN,0.9,0.1,0
3120-FAZKD,1.0,0.0,0
9115-YQHGA,0.7,0.3,0
8819-ZBYNA,0.9,0.1,0
8336-TAVKX,0.95,0.05,0
0320-DWVTU,1.0,0.0,0
8229-BUJHX,1.0,0.0,0
0048-PIHNL,1.0,0.0,0
3280-NMUVX,1.0,0.0,0
5781-RFZRP,0.95,0.05,0
2886-KEFUM,0.8,0.2,0
1069-QJOEE,1.0,0.0,0
0899-LIIBW,0.45,0.55,1
6728-VOIFY,0.75,0.25,0
0848-ZGQIJ,0.45,0.55,1
3132-TVFDZ,0.45,0.55,1
9253-VIFJQ,0.8,0.2,0
9993-LHIEB,0.95,0.05,0
0572-ZJKLT,0.95,0.05,0
9565-AXSMR,1.0,0.0,0
5499-ECUTN,0.9,0.1,0
1657-DYMBM,1.0,0.0,0
1629-DQQVB,0.7,0.3,0
4800-VHZKI,0.55,0.45,0
1052-QJIBV,1.0,0.0,0
2050-ONYDQ,1.0,0.0,0
0397-GZBBC,0.45,0.55,1
8008-ESFLK,0.75,0.25,0
6734-FQAJX,0.95,0.05,0
1550-EENBN,0.6,0.4,0
2273-QCKXA,0.7,0.3,0
5995-SNNEW,0.55,0.45,0
5276-KQWHG,0.35,0.65,1
7493-TPUWZ,0.7,0.3,0
4558-FANTW,0.65,0.35,0
4735-BJKOU,1.0,0.0,0
2928-HLDBA,0.55,0.45,0
5343-SGUBI,1.0,0.0,0
5356-RHIPP,0.55,0.45,0
8878-HMWBV,0.7,0.3,0
0871-OPBXW,0.55,0.45,0
3346-BRMIS,0.45,0.55,1
4274-DRSQT,0.9,0.1,0
0002-ORFBO,0.9,0.1,0
9033-EOXWV,0.75,0.25,0
8884-FEEWR,1.0,0.0,0
4373-VVHQL,0.55,0.45,0
7826-VVKWT,0.9,0.1,0
3243-ZHOHY,1.0,0.0,0
8904-OPDCK,0.35,0.65,1
3841-NFECX,0.95,0.05,0
8229-MYEJZ,0.7,0.3,0
0197-PNKNK,0.95,0.05,0
3807-XHCJH,0.55,0.45,0
1114-CENIM,0.7,0.3,0
5207-PLSTK,0.7,0.3,0
2169-RRLFW,1.0,0.0,0
5268-DSMNQ,0.85,0.15,0
4273-MBHYA,0.35,0.65,1
7240-ETPTR,0.45,0.55,1
4195-NZGTA,0.55,0.45,0
3653-NCRDJ,1.0,0.0,0
9677-AVKED,0.7,0.3,0
0667-NSRGI,0.9,0.1,0
2833-SLKDQ,0.55,0.45,0
4061-UKJWL,0.55,0.45,0
9970-QBCDA,0.55,0.45,0
5762-TJXGK,0.9,0.1,0
8699-ASUFO,0.35,0.65,1
1821-BUCWY,0.95,0.05,0
5161-XEUVX,1.0,0.0,0
8582-KRHPJ,0.7,0.3,0
8627-EHGIP,0.8,0.2,0
5671-UUNXD,0.8,0.2,0
1569-TTNYJ,0.7,0.3,0
6439-PKTRR,1.0,0.0,0
8039-EQPIM,0.9,0.1,0
8818-DOPVL,0.55,0.45,0
1769-GRUIK,0.55,0.45,0
9844-FELAJ,0.6,0.4,0
6599-CEBNN,0.7,0.3,0
5696-CEIQJ,0.9,0.1,0
7233-DRTRF,0.6,0.4,0
4619-EVPHY,0.65,0.35,0
5440-VHLUL,0.8,0.2,0
6356-ELRKD,0.45,0.55,1
7924-GJZFI,0.35,0.65,1
8580-QVLOC,1.0,0.0,0
9127-QRZMH,0.8,0.2,0
8652-YHIYU,1.0,0.0,0
9481-WHGWY,1.0,0.0,0
5795-KTGUD,0.9,0.1,0
0520-FDVVT,0.8,0.2,0
7148-XZPHA,0.7,0.3,0
2996-XAUVF,0.95,0.05,0
7619-ODSGN,0.7,0.3,0
9058-HRZSV,0.75,0.25,0
7550-WIQVA,0.7,0.3,0
5419-JPRRN,0.45,0.55,1
2277-BKJKN,0.9,0.1,0
1725-IQNIY,1.0,0.0,0
3724-BSCVH,1.0,0.0,0
1587-FKLZB,0.45,0.55,1
3078-ZKNTS,1.0,0.0,0
8715-KKTFG,0.8,0.2,0
4895-TMWIR,0.35,0.65,1
9624-EGDEQ,1.0,0.0,0
8626-XHBIE,1.0,0.0,0
8327-LZKAS,0.75,0.25,0
7978-DKUQH,0.7,0.3,0
4010-YLMVT,0.6,0.4,0
4132-KALRO,0.45,0.55,1
4855-SNKMY,0.55,0.45,0
1724-BQUHA,0.45,0.55,1
3269-ATYWD,0.45,0.55,1
0274-JKUJR,0.85,0.15,0
2378-VTKDH,0.55,0.45,0
1230-QAJDW,0.6,0.4,0
3398-GCPMU,1.0,0.0,0
2586-CWXVV,0.7,0.3,0
2530-FMFXO,1.0,0.0,0
0778-NELLA,0.45,0.55,1
6266-QHOJZ,0.8,0.2,0
1729-VLAZJ,0.8,0.2,0
1697-LYYYX,1.0,0.0,0
2853-CWQFQ,0.6,0.4,0
7318-EIVKO,0.45,0.55,1
5515-RUGKN,0.45,0.55,1
3642-GKTCT,0.75,0.25,0
9350-ZXYJC,1.0,0.0,0
5233-AOZUF,0.55,0.45,0
4948-WBBKL,0.35,0.65,1
5498-TXHLF,0.6,0.4,0
2455-USLMV,0.7,0.3,0
5091-HFAZW,0.65,0.35,0
4184-VODJZ,0.9,0.1,0
1796-JANOW,0.55,0.45,0
8405-IGQFX,0.9,0.1,0
9415-ZNBSX,1.0,0.0,0
0506-LVNGN,0.6,0.4,0
7310-EGVHZ,0.55,0.45,0
3128-YOVTD,0.7,0.3,0
7115-IRDHS,1.0,0.0,0
6124-ACRHJ,0.55,0.45,0
5999-LCXAO,0.7,0.3,0
4797-MIWUM,0.55,0.45,0
2207-RYYRL,1.0,0.0,0
6559-PDZLR,0.6,0.4,0
0601-WZHJF,0.35,0.65,1
4707-MAXGU,1.0,0.0,0
7488-MXJIV,0.45,0.55,1
7851-FLGGQ,0.65,0.35,0
0958-YHXGP,0.55,0.45,0
5351-QESIO,0.55,0.45,0
0480-KYJVA,1.0,0.0,0
4223-WOZCM,0.6,0.4,0
7670-ZBPOQ,0.95,0.05,0
7209-JCUDS,0.45,0.55,1
3585-YNADK,1.0,0.0,0
1302-UHBDD,0.45,0.55,1
6248-BSHKG,1.0,0.0,0
6719-OXYBR,0.6,0.4,0
5393-RXQSZ,0.45,0.55,1
9101-NTIXF,0.55,0.45,0
4840-ORQXB,0.55,0.45,0
0743-HNPFG,1.0,0.0,0
4902-OHLSK,0.45,0.55,1
3530-CRZSB,0.55,0.45,0
6551-GNYDG,0.45,0.55,1
5566-SOEZD,0.95,0.05,0
8990-YOZLV,0.95,0.05,0
6475-VHUIZ,0.7,0.3,0
0058-EVZWM,0.6,0.4,0
8949-JTMAY,0.45,0.55,1
7054-DMVAS,1.0,0.0,0
2397-BRLOM,0.4,0.6,1
9947-OTFQU,0.6,0.4,0
6615-ZGEDR,0.55,0.45,0
2774-LVQUS,0.55,0.45,0
0128-MKWSG,0.65,0.35,0
3934-HXCFZ,0.85,0.15,0
9746-UGFAC,1.0,0.0,0
1041-RXHRA,0.55,0.45,0
1095-JUDTC,0.75,0.25,0
0402-CQAJN,0.6,0.4,0
4547-KQRTM,0.7,0.3,0
4760-THGOT,0.65,0.35,0
0459-SPZHJ,0.9,0.1,0
4558-CGYCZ,0.55,0.45,0
5736-YEJAX,1.0,0.0,0
4521-WFJAI,1.0,0.0,0
2369-FEVNO,0.55,0.45,0
4636-JGAAI,0.6,0.4,0
5854-KSRBJ,1.0,0.0,0
9489-JMTTN,1.0,0.0,0
9955-QOPOY,0.7,0.3,0
5858-EAFCZ,0.55,0.45,0
2599-CIPQE,1.0,0.0,0
7078-NVFAM,0.7,0.3,0
6258-NGCNG,0.55,0.45,0
5985-TBABQ,0.75,0.25,0
3969-JQABI,0.65,0.35,0
0625-AFOHS,1.0,0.0,0
6583-SZVGP,1.0,0.0,0
3915-ODIYG,0.85,0.15,0
7389-KBFIT,0.7,0.3,0
4625-LAMOB,1.0,0.0,0
3584-WKTTW,0.7,0.3,0
8292-FRFZQ,0.8,0.2,0
0836-SEYLU,0.6,0.4,0
8100-HZZLJ,0.65,0.35,0
9560-BBZXK,1.0,0.0,0
6257-DTAYD,1.0,0.0,0
9388-ZEYVT,0.9,0.1,0
5811-IWXYM,0.75,0.25,0
6400-BWQKW,0.7,0.3,0
0311-QYWSS,0.7,0.3,0
6734-CKRSM,0.55,0.45,0
5868-YTYKS,0.55,0.45,0
1545-ACTAS,0.8,0.2,0
3192-NQECA,0.9,0.1,0
0618-XWMSS,0.7,0.3,0
8295-FHIVV,0.55,0.45,0
4589-IUAJB,1.0,0.0,0
6341-JVQGF,0.7,0.3,0
4237-CLSMM,0.55,0.45,0
3070-DVEYC,0.35,0.65,1
4360-QRAVE,0.55,0.45,0
2408-TZMJL,0.7,0.3,0
4013-UBXWQ,0.45,0.55,1
0248-IPDFW,0.55,0.45,0
4795-UXVCJ,1.0,0.0,0
6457-GIRWB,0.55,0.45,0
8824-RWFXJ,0.7,0.3,0
5175-WLYXL,0.7,0.3,0
2817-LVCPP,1.0,0.0,0
5295-PCJOO,0.7,0.3,0
2789-CZANW,0.9,0.1,0
7239-HZZCX,0.55,0.45,0
2325-WINES,0.8,0.2,0
8436-BJUMM,0.45,0.55,1
8749-JMNKX,0.75,0.25,0
0020-INWCK,1.0,0.0,0
2091-MJTFX,0.45,0.55,1
8003-EWNDZ,0.55,0.45,0
0732-OCQOC,1.0,0.0,0
2013-SGDXK,0.6,0.4,0
4644-PIZRT,0.9,0.1,0
6215-NQCPY,0.45,0.55,1
0298-XACET,0.95,0.05,0
3410-YOQBQ,0.9,0.1,0
6158-HDPXZ,0.55,0.45,0
1925-GMVBW,0.55,0.45,0
9798-DRYDS,0.95,0.05,0
6030-REHUX,0.8,0.2,0
6586-PSJOX,0.95,0.05,0
0196-JTUQI,0.55,0.45,0
6370-ZVHDV,1.0,0.0,0
0141-YEAYS,0.55,0.45,0
1216-BGTSP,0.85,0.15,0
4719-UMSIY,0.55,0.45,0
3696-DFHHB,1.0,0.0,0
5018-LXQQG,0.65,0.35,0
4937-QPZPO,0.75,0.25,0
2178-PMGCJ,0.55,0.45,0
5533-RJFTJ,0.7,0.3,0
6490-FGZAT,0.55,0.45,0
5014-GSOUQ,1.0,0.0,0
8434-PNQZX,1.0,0.0,0
4191-XOVOM,0.6,0.4,0
4566-QVRRW,0.55,0.45,0
2882-WDTBA,1.0,0.0,0
9705-ZJBCG,0.95,0.05,0
0637-KVDLV,0.55,0.45,0
0611-DFXKO,0.35,0.65,1
3750-CKVKH,0.55,0.45,0
5155-AZQPB,0.55,0.45,0
6377-KSLXC,0.55,0.45,0
4124-MMETB,0.35,0.65,1
8314-HTWVE,1.0,0.0,0
7596-ZYWBB,0.95,0.05,0
5871-DGTXZ,1.0,0.0,0
3219-JQRSL,1.0,0.0,0
7354-OIJLX,0.55,0.45,0
3985-HOYPM,1.0,0.0,0
8969-PRHFK,1.0,0.0,0
8285-ABVLB,1.0,0.0,0
9227-YBAXE,0.9,0.1,0
0533-BNWKF,0.55,0.45,0
7328-OWMOM,1.0,0.0,0
2236-HILPA,1.0,0.0,0
3606-TWKGI,0.55,0.45,0
1767-CJKBA,1.0,0.0,0
4396-KLSEH,0.55,0.45,0
1335-HQMKX,0.8,0.2,0
2869-ADAWR,0.6,0.4,0
7693-QPEFS,0.35,0.65,1
0723-FDLAY,0.7,0.3,0
2419-FSORS,0.9,0.1,0
1025-FALIX,0.55,0.45,0
6244-BESBM,0.9,0.1,0
7694-VLBWQ,0.8,0.2,0
7018-WBJNK,0.45,0.55,1
1423-BMPBQ,0.55,0.45,0
4750-ZRXIU,0.4,0.6,1
7321-ZNSLA,0.95,0.05,0
8901-UPRHR,0.9,0.1,0
2925-VDZHY,1.0,0.0,0
2640-LYMOV,0.55,0.45,0
1226-UDFZR,0.7,0.3,0
8356-WUAOJ,0.55,0.45,0
2189-UXTKY,0.6,0.4,0
4749-VFKVB,0.55,0.45,0
0595-ITUDF,0.8,0.2,0
9385-NXKDA,0.9,0.1,0
2830-LEWOA,0.7,0.3,0
0909-SELIE,1.0,0.0,0
5882-CMAZQ,0.7,0.3,0
8571-ZCMCX,0.9,0.1,0
7225-IILWY,1.0,0.0,0
9577-WJVCQ,0.7,0.3,0
1934-SJVJK,0.55,0.45,0
8372-JUXUI,0.55,0.45,0
8628-MFKAX,1.0,0.0,0
2676-ISHSF,0.55,0.45,0
1093-YSWCA,1.0,0.0,0
6168-YBYNP,0.85,0.15,0
4765-OXPPD,0.8,0.2,0
0320-JDNQG,0.6,0.4,0
3675-EQOZA,0.55,0.45,0
1177-XZBJL,0.8,0.2,0
0673-IGUQO,0.55,0.45,0
6323-AYBRX,1.0,0.0,0
7576-OYWBN,0.35,0.65,1
2625-TRCZQ,0.45,0.55,1
6242-FEGFD,0.95,0.05,0
6497-TILVL,0.7,0.3,0
1106-HRLKZ,1.0,0.0,0
5970-GHJAW,1.0,0.0,0
6620-HVDUJ,0.8,0.2,0
0404-AHASP,1.0,0.0,0
4065-JJAVA,0.7,0.3,0
3669-LVWZB,0.45,0.55,1
6804-GDMOI,1.0,0.0,0
6569-KTMDU,0.55,0.45,0
3012-VFFMN,0.55,0.45,0
9801-NOSHQ,1.0,0.0,0
0295-QVKPB,0.65,0.35,0
6615-NGGZJ,0.45,0.55,1
6891-JPYFF,0.6,0.4,0
9129-UXERG,0.55,0.45,0
0939-YAPAF,0.45,0.55,1
3096-GKWEB,0.35,0.65,1
1576-PFZIW,0.95,0.05,0
3745-HRPHI,1.0,0.0,0
2786-GCDPI,0.55,0.45,0
4194-WHFCB,0.65,0.35,0
0575-CUQOV,0.75,0.25,0
0139-IVFJG,0.65,0.35,0
2806-MLNTI,0.75,0.25,0
6997-UVGOX,1.0,0.0,0
8046-DNVTL,0.95,0.05,0
7636-PEPNS,1.0,0.0,0
8205-MQUGY,0.7,0.3,0
3192-LNKRK,0.6,0.4,0
7511-YMXVQ,0.35,0.65,1
6917-FIJHC,1.0,0.0,0
8357-EQXFO,0.45,0.55,1
6741-QRLUP,1.0,0.0,0
4713-LZDRV,0.4,0.6,1
2957-JIRMN,0.5,0.5,0
9769-TSBZE,0.95,0.05,0
4636-TVXVG,1.0,0.0,0
2478-EEWWM,0.35,0.65,1
8647-SDTWQ,0.55,0.45,0
3707-LRWZD,0.65,0.35,0
5630-IXDXV,0.6,0.4,0
6048-UWKAL,0.9,0.1,0
1143-NMNQJ,0.45,0.55,1
2587-YNLES,1.0,0.0,0
8992-VONJD,0.7,0.3,0
1328-EUZHC,1.0,0.0,0
2262-SLNVK,0.55,0.45,0
2876-GZYZC,0.45,0.55,1
0430-IHCDJ,0.55,0.45,0
2969-QWUBZ,0.45,0.55,1
6993-YGFJV,1.0,0.0,0
5649-ANRML,0.75,0.25,0
7815-PDTHL,1.0,0.0,0
0422-OHQHQ,1.0,0.0,0
2684-EIWEO,0.75,0.25,0
6701-YVNQG,1.0,0.0,0
8922-NPKBJ,1.0,0.0,0
7879-CGSFV,0.8,0.2,0
0754-EEBDC,1.0,0.0,0
1032-MAELW,0.9,0.1,0
0253-ZTEOB,1.0,0.0,0
7446-KQISO,0.9,0.1,0
5960-WPXQM,0.45,0.55,1
4121-AGSIN,1.0,0.0,0
4424-TKOPW,0.45,0.55,1
5442-BHQNG,0.55,0.45,0
8059-UDZFY,0.55,0.45,0
7654-YWJUF,0.8,0.2,0
0238-WHBIQ,1.0,0.0,0
7395-IGJOS,0.4,0.6,1
2324-EFHVG,1.0,0.0,0
6733-LRIZX,0.9,0.1,0
0365-BZUWY,0.6,0.4,0
4298-OYIFC,0.6,0.4,0
1963-VAUKV,0.55,0.45,0
0916-QOFDP,0.45,0.55,1
3062-ICYZQ,0.65,0.35,0
6061-GWWAV,1.0,0.0,0
7463-IFMQU,1.0,0.0,0
6996-KNSML,0.7,0.3,0
8189-HBVRW,0.8,0.2,0
5360-XGYAZ,1.0,0.0,0
0723-DRCLG,0.35,0.65,1
8654-DHAOW,0.7,0.3,0
8382-SHQEH,0.45,0.55,1
8217-QYOHV,0.7,0.3,0
6024-RUGGH,1.0,0.0,0
4795-KTRTH,0.6,0.4,0
8944-AILEF,0.55,0.45,0
0409-WTMPL,0.7,0.3,0
1984-GPTEH,0.55,0.45,0
2656-FMOKZ,0.35,0.65,1
8280-MQRQN,0.7,0.3,0
8168-UQWWF,0.45,0.55,1
2790-XUYMV,0.95,0.05,0
9069-LGEUL,0.6,0.4,0
9415-DPEWS,0.6,0.4,0
8739-XNIKG,0.45,0.55,1
2208-UGTGR,0.45,0.55,1
7562-UXTPG,0.55,0.45,0
8232-UTFOZ,1.0,0.0,0
5787-KXGIY,1.0,0.0,0
9432-VOFYX,0.55,0.45,0
9108-EJFJP,0.7,0.3,0
3389-KTRXV,1.0,0.0,0
2137-DQMEV,0.9,0.1,0
0017-IUDMW,1.0,0.0,0
1794-HBQTJ,0.7,0.3,0
1474-JUWSM,0.9,0.1,0
4716-HHKQH,0.55,0.45,0
6231-WFGFH,0.55,0.45,0
7205-BAIAD,1.0,0.0,0
3230-IUALN,0.9,0.1,0
5365-LLFYV,0.55,0.45,0
3011-WQKSZ,0.55,0.45,0
8823-RLPWL,0.9,0.1,0
4868-AADLV,0.85,0.15,0
1803-BGNBD,0.7,0.3,0
3066-RRJIO,0.55,0.45,0
5153-RTHKF,0.45,0.55,1
8975-SKGRX,1.0,0.0,0
9317-WZPGV,0.4,0.6,1
3146-JTQHR,1.0,0.0,0
2545-LXYVJ,1.0,0.0,0
3374-TTZTK,1.0,0.0,0
2673-CXQEU,0.6,0.4,0
1212-GLHMD,0.6,0.4,0
1583-IHQZE,0.85,0.15,0
2428-ZMCTB,0.55,0.45,0
2692-AQCPF,0.7,0.3,0
8512-WIWYV,1.0,0.0,0
3498-LZGQZ,1.0,0.0,0
2876-VBBBL,0.55,0.45,0
7140-ADSMJ,0.55,0.45,0
7142-HVGBG,0.55,0.45,0
7808-DVWEP,0.55,0.45,0
6413-XKKPU,0.65,0.35,0
3722-WPXTK,0.35,0.65,1
6980-CDGFC,1.0,0.0,0
8584-KMVXD,0.7,0.3,0
5652-MSDEY,0.55,0.45,0
5071-FBJFS,0.7,0.3,0
9003-CPATH,0.7,0.3,0
2542-HYGIQ,0.55,0.45,0
1930-WNXSB,0.45,0.55,1
4804-NCPET,1.0,0.0,0
7706-YLMQA,1.0,0.0,0
7470-DYNOE,0.9,0.1,0
7083-MIOPC,1.0,0.0,0
0060-FUALY,0.65,0.35,0
3115-JPJDD,0.95,0.05,0
7471-WNSUF,1.0,0.0,0
5893-KCLGT,1.0,0.0,0
9087-EYCPR,1.0,0.0,0
1266-NZYUI,0.95,0.05,0
0174-QRVVY,1.0,0.0,0
0016-QLJIS,1.0,0.0,0
4525-VZCZG,0.7,0.3,0
4198-VFOEA,0.95,0.05,0
7926-IJOOU,0.55,0.45,0
6161-UUUTA,0.4,0.6,1
6537-QLGEX,0.6,0.4,0
4612-SSVHJ,0.4,0.6,1
5606-AMZBO,0.7,0.3,0
4439-YRNVD,0.7,0.3,0
4282-YMKNA,0.55,0.45,0
5229-DTFYB,1.0,0.0,0
8267-KFGYD,0.55,0.45,0
9835-ZIITK,0.6,0.4,0
8329-IBCTI,0.55,0.45,0
0620-DLSLK,0.45,0.55,1
3714-JTVOV,0.6,0.4,0
5399-ZIMKF,0.7,0.3,0
5917-RYRMG,1.0,0.0,0
0480-BIXDE,0.45,0.55,1
3239-TPHPZ,1.0,0.0,0
6317-YPKDH,0.7,0.3,0
4566-NECEV,0.65,0.35,0
1976-CFOCS,0.35,0.65,1
8267-ZNYVZ,0.7,0.3,0
3422-WJOYD,0.95,0.05,0
2450-ZKEED,0.95,0.05,0
4676-MQUEA,0.75,0.25,0
5208-HFSBT,0.7,0.3,0
1891-QRQSA,0.95,0.05,0
5712-VBOXD,0.55,0.45,0
2122-SZZZD,1.0,0.0,0
9620-ENEJV,0.55,0.45,0
1682-VCOIO,1.0,0.0,0
9838-BFCQT,1.0,0.0,0
4208-UFFGW,0.35,0.65,1
1905-OEILC,0.55,0.45,0
8619-IJNDK,0.95,0.05,0
8885-QSQBX,0.7,0.3,0
7218-HKQFK,0.45,0.55,1
9360-OMDZZ,0.35,0.65,1
5624-RYAMH,0.55,0.45,0
5131-PONJI,0.65,0.35,0
1297-VQDRP,0.75,0.25,0
8773-HHUOZ,0.35,0.65,1
4102-OQUPX,0.35,0.65,1
5600-KTXFM,0.55,0.45,0
2961-VNFKL,1.0,0.0,0
6416-JNVRK,0.65,0.35,0
9685-WKZGT,0.35,0.65,1
8413-VONUO,0.45,0.55,1
6777-TGHTM,0.8,0.2,0
6331-EWIEB,0.45,0.55,1
8849-PRIQJ,0.7,0.3,0
6270-OMFIW,0.75,0.25,0
2962-XPMCQ,0.55,0.45,0
1104-FEJAM,0.6,0.4,0
6769-DYBQN,0.5,0.5,0
6141-OOXUQ,0.55,0.45,0
1374-DMZUI,0.45,0.55,1
0661-KQHNK,1.0,0.0,0
9097-ZUBYC,0.7,0.3,0
4391-LNRXK,0.85,0.15,0
5494-HECPR,0.45,0.55,1
8650-RHRKE,0.7,0.3,0
8062-YBDOE,0.35,0.65,1
8404-GFGCZ,0.6,0.4,0
3301-LSLWQ,0.6,0.4,0
7613-LLQFO,0.45,0.55,1
7044-YAACC,0.35,0.65,1
8780-IHCRN,1.0,0.0,0
0471-LVHGK,0.75,0.25,0
6705-LXORM,0.35,0.65,1
3807-BPOMJ,0.75,0.25,0
9788-HNGUT,1.0,0.0,0
4178-EGMON,0.95,0.05,0
1442-BQPVU,0.7,0.3,0
2883-ILGWO,0.55,0.45,0
8999-BOHSE,0.45,0.55,1
4553-DVPZG,0.45,0.55,1
3470-OBUET,0.95,0.05,0
6861-XWTWQ,0.45,0.55,1
9133-AYJZG,0.45,0.55,1
9696-RMYBA,0.45,0.55,1
1265-BCFEO,1.0,0.0,0
2007-QVGAW,1.0,0.0,0
3458-IDMFK,1.0,0.0,0
4751-ERMAN,1.0,0.0,0
0804-YGEQV,1.0,0.0,0
9603-OAIHC,0.35,0.65,1
8734-FNWVH,0.45,0.55,1
7089-IVVAZ,0.6,0.4,0
9220-ZNKJI,0.95,0.05,0
9795-SHUHB,0.95,0.05,0
9894-QMIMJ,0.95,0.05,0
0040-HALCW,1.0,0.0,0
5590-BYNII,0.45,0.55,1
0208-BPQEJ,0.55,0.45,0
5976-JCJRH,0.55,0.45,0
8261-GWDBQ,1.0,0.0,0
9938-EKRGF,0.7,0.3,0
4884-LEVMQ,1.0,0.0,0
3419-SNJJD,0.55,0.45,0
0134-XWXCE,0.75,0.25,0
3753-TSEMP,0.35,0.65,1
1898-JSNDC,0.9,0.1,0
0491-KAPQG,0.55,0.45,0
5921-NGYRH,0.7,0.3,0
2516-VQRRV,0.35,0.65,1
0813-TAXXS,0.9,0.1,0
8051-HJRLT,0.35,0.65,1
6619-RPLQZ,1.0,0.0,0
1775-KWJKQ,1.0,0.0,0
3313-QKNKB,0.65,0.35,0
3413-DHLPB,0.6,0.4,0
8348-HFYIV,0.45,0.55,1
1031-IIDEO,0.55,0.45,0
3446-QDSZF,0.45,0.55,1
1814-DKOLC,0.55,0.45,0
7729-JTEEC,0.55,0.45,0
6563-VRERX,1.0,0.0,0
8277-RVRSV,1.0,0.0,0
4625-EWPTF,0.7,0.3,0
4480-QQRHC,0.6,0.4,0
8963-MQVYN,0.55,0.45,0
5688-KZTSN,0.55,0.45,0
7615-ESMYF,0.35,0.65,1
8755-OGKNA,1.0,0.0,0
5849-ASHZJ,1.0,0.0,0
5875-YPQFJ,0.55,0.45,0
7964-VEXDG,0.7,0.3,0
3170-GWYKC,0.85,0.15,0
5103-MHMHY,0.55,0.45,0
5485-ITNPC,1.0,0.0,0
2956-GGUCQ,0.6,0.4,0
0895-LMRSF,0.55,0.45,0
1208-NBVFH,0.7,0.3,0
6614-VBEGU,0.45,0.55,1
7503-MIOGA,1.0,0.0,0
4806-DXQCE,1.0,0.0,0
3976-NLDEZ,0.55,0.45,0
7056-IMHCC,0.45,0.55,1
8221-EQDGL,0.8,0.2,0
6227-FBDXH,0.75,0.25,0
6100-QQHEB,0.35,0.65,1
3338-CVVEH,0.35,0.65,1
6646-QVXLR,0.75,0.25,0
1656-DRSMG,0.85,0.15,0
1169-WCVAK,0.8,0.2,0
6064-PUPMC,0.95,0.05,0
8957-THMOA,1.0,0.0,0
3055-MJDSB,0.55,0.45,0
4811-JBUVU,0.6,0.4,0
5126-RCXYW,1.0,0.0,0
9239-GZHZE,1.0,0.0,0
7596-LDUXP,0.9,0.1,0
4800-CZMPC,0.8,0.2,0
0550-DCXLH,0.6,0.4,0
3088-FVYWK,1.0,0.0,0
7956-XQWGU,0.55,0.45,0
6029-CSMJE,0.55,0.45,0
1925-LFCZZ,0.8,0.2,0
1205-WNWPJ,0.6,0.4,0
3410-MHHUM,0.9,0.1,0
6195-MELTI,0.95,0.05,0
9025-ZRPVR,0.55,0.45,0
5590-ZSKRV,0.7,0.3,0
6749-UTDVX,1.0,0.0,0
1965-AKTSX,0.6,0.4,0
0056-EPFBG,0.95,0.05,0
1304-BCCFO,0.45,0.55,1
4785-FCIFB,1.0,0.0,0
6961-MJKBO,1.0,0.0,0
5309-TAIKL,0.65,0.35,0
0076-LVEPS,0.8,0.2,0
7273-TEFQD,0.5,0.5,0
7783-YKGDV,0.85,0.15,0
0278-YXOOG,0.55,0.45,0
6898-MDLZW,0.7,0.3,0
6527-PZFPV,1.0,0.0,0
4550-EVXNY,0.55,0.45,0
6035-RIIOM,0.9,0.1,0
1073-XXCZD,1.0,0.0,0
4640-UHDOS,0.45,0.55,1
3374-PZLXD,0.55,0.45,0
9548-ZMVTX,0.95,0.05,0
9985-MWVIX,0.55,0.45,0
3629-WEAAM,0.65,0.35,0
7813-ZGGAW,0.75,0.25,0
0623-IIHUG,0.5,0.5,0
2773-OVBPK,0.9,0.1,0
0557-ASKVU,0.95,0.05,0
8937-RDTHP,0.6,0.4,0
5712-PTIWW,0.7,0.3,0
6693-FRIRW,0.6,0.4,0
0380-NEAVX,0.75,0.25,0
1956-YIFGE,0.8,0.2,0
0742-NXBGR,0.7,0.3,0
3640-JQGJG,0.55,0.45,0
2619-WFQWU,0.55,0.45,0
4803-LBYPN,0.55,0.45,0
8496-EJAUI,0.7,0.3,0
6313-GIDIT,0.55,0.45,0
1069-XAIEM,0.4,0.6,1
1492-KGETH,0.9,0.1,0
8752-IMQOS,1.0,0.0,0
6297-NOOPG,0.9,0.1,0
2212-LYASK,0.9,0.1,0
9359-JANWS,0.95,0.05,0
7130-CTCUS,0.55,0.45,0
7459-IMVYU,0.8,0.2,0
7742-MYPGI,0.7,0.3,0
3521-HTQTV,1.0,0.0,0
3144-KMTWZ,0.65,0.35,0
9283-LZQOH,0.55,0.45,0
8178-EYZUO,0.65,0.35,0
3258-ZKPAI,1.0,0.0,0
9481-IEBZY,0.75,0.25,0
7717-BICXI,1.0,0.0,0
6870-ZWMNX,0.95,0.05,0
8597-CWYHH,0.55,0.45,0
2040-XBAVJ,1.0,0.0,0
5898-IGSLP,0.8,0.2,0
5366-OBVMR,0.7,0.3,0
3679-XASPY,0.55,0.45,0
6260-ONULR,0.35,0.65,1
6885-PKOAM,1.0,0.0,0
9626-VFRGG,0.6,0.4,0
9398-MMQTO,0.7,0.3,0
4504-YOULA,0.7,0.3,0
1565-RHDJD,0.7,0.3,0
6710-HSJRD,0.85,0.15,0
4703-MQYKT,1.0,0.0,0
9150-KPBJQ,1.0,0.0,0
7009-PCARS,1.0,0.0,0
4598-ZADCK,0.9,0.1,0
2270-CHBFN,0.8,0.2,0
0730-BGQGF,1.0,0.0,0
9909-IDLEK,0.65,0.35,0
1453-RZFON,0.7,0.3,0
9251-AWQGT,1.0,0.0,0
1448-CYWKC,0.8,0.2,0
3323-CPBWR,0.65,0.35,0
8857-CUPFQ,1.0,0.0,0
8808-ELEHO,0.6,0.4,0
0374-AACSZ,0.7,0.3,0
6358-LYNGM,0.55,0.45,0
0756-MPZRL,0.95,0.05,0
4616-ULAOA,0.9,0.1,0
7103-ZGVNT,1.0,0.0,0
7036-ZZKBD,0.65,0.35,0
9948-YPTDG,0.7,0.3,0
2346-CZYIL,1.0,0.0,0
6825-UYPFK,0.55,0.45,0
9066-QRSDU,1.0,0.0,0
6617-WLBQC,1.0,0.0,0
7161-DFHUF,1.0,0.0,0
7625-XCQRH,0.55,0.45,0
7233-PAHHL,0.9,0.1,0
2645-QTLMB,0.45,0.55,1
4304-XUMGI,0.95,0.05,0
1755-RMCXH,0.55,0.45,0
3797-FKOGQ,0.45,0.55,1
9786-YWNHU,0.95,0.05,0
4648-YPBTM,0.95,0.05,0
2609-IAICY,0.55,0.45,0
0929-PECLO,0.5,0.5,0
6726-WEXXK,0.95,0.05,0
8938-UMKPI,0.6,0.4,0
4955-VCWBI,1.0,0.0,0
4360-PNRQB,0.55,0.45,0
5707-ZMDJP,0.95,0.05,0
0608-JDVEC,1.0,0.0,0
6425-JWTDV,1.0,0.0,0
4644-OBGFZ,1.0,0.0,0
6457-USBER,0.45,0.55,1
9770-LXDBK,0.55,0.45,0
5644-PDMZC,0.5,0.5,0
5747-PMBSQ,0.75,0.25,0
7968-QUXNS,0.55,0.45,0
7730-CLDSV,0.95,0.05,0
9862-KJTYK,0.55,0.45,0
5385-SUIRI,0.55,0.45,0
0014-BMAQU,0.95,0.05,0
7551-JOHTI,0.55,0.45,0
1264-FUHCX,0.8,0.2,0
2675-OTVVJ,0.5,0.5,0
2565-JSLRY,0.55,0.45,0
5569-OUICF,0.45,0.55,1
0708-SJDIS,0.6,0.4,0
2267-FPIMA,0.65,0.35,0
7029-RPUAV,0.45,0.55,1
4695-VADHF,0.6,0.4,0
2237-ZFSMY,1.0,0.0,0
4248-HCETZ,0.55,0.45,0
8984-HPEMB,1.0,0.0,0
7861-UVUFT,0.6,0.4,0
6203-HBZPA,1.0,0.0,0
1468-DEFNC,1.0,0.0,0
7587-RZNME,0.55,0.45,0
2249-YPRNG,0.6,0.4,0
3006-XIMLN,0.35,0.65,1
7138-GIRSH,1.0,0.0,0
2245-ADZFJ,1.0,0.0,0
5519-YLDGW,0.6,0.4,0
3027-ZTDHO,0.35,0.65,1
1302-TPUBN,1.0,0.0,0
0829-DDVLK,1.0,0.0,0
0186-CAERR,0.75,0.25,0
4615-PIVVU,1.0,0.0,0
4947-DSMXK,0.45,0.55,1
2794-XIMMO,0.7,0.3,0
8740-XLHDR,0.8,0.2,0
2239-CFOUJ,1.0,0.0,0
6633-SYEUS,0.8,0.2,0
3865-YIOTT,0.8,0.2,0
0277-BKSQP,0.45,0.55,1
3389-YGYAI,0.55,0.45,0
7629-WFGLW,1.0,0.0,0
9381-NDKME,0.5,0.5,0
4451-RWASJ,1.0,0.0,0
0130-SXOUN,0.6,0.4,0
2484-DGXPZ,0.55,0.45,0
6429-SHBCB,0.35,0.65,1
5281-BUZGT,0.5,0.5,0
6242-MBHPK,0.45,0.55,1
5789-LDFXO,1.0,0.0,0
8603-IJWDN,0.45,0.55,1
1112-CUNAO,0.5,0.5,0
4701-AHWMW,0.6,0.4,0
9921-EZKBY,0.65,0.35,0
7452-FOLON,1.0,0.0,0
3198-VELRD,0.45,0.55,1
9644-UMGQA,0.7,0.3,0
8316-BBQAY,0.9,0.1,0
9314-IJWSQ,0.45,0.55,1
7566-DSRLQ,0.9,0.1,0
9964-WBQDJ,1.0,0.0,0
3108-PCCGG,0.95,0.05,0
3221-CJMSG,0.7,0.3,0
8752-STIVR,0.45,0.55,1
9738-QLWTP,0.95,0.05,0
1597-LHYNC,0.75,0.25,0
0793-TWELN,0.7,0.3,0
8149-AIQCG,0.55,0.45,0
1480-BKXGA,1.0,0.0,0
0295-PPHDO,0.35,0.65,1
8464-EETCQ,1.0,0.0,0
2626-URJFX,0.55,0.45,0
8514-VZHEB,1.0,0.0,0
5827-MWCZK,0.65,0.35,0
1101-SSWAG,0.55,0.45,0
4067-HLYQI,0.55,0.45,0
0788-DXBFY,1.0,0.0,0
5666-MBJPT,1.0,0.0,0
7268-WNTCP,1.0,0.0,0
7593-JNWRU,0.55,0.45,0
0440-UEDAI,1.0,0.0,0
1215-VFYVK,0.85,0.15,0
7554-AKDQF,0.55,0.45,0
8976-OQHGT,0.7,0.3,0
7569-NMZYQ,1.0,0.0,0
4192-GORJT,0.45,0.55,1
7993-PYKOF,0.7,0.3,0
1771-OADNZ,0.75,0.25,0
9574-BOSMD,1.0,0.0,0
2520-SGTTA,1.0,0.0,0
7841-FCRQD,0.95,0.05,0
8565-CLBZW,0.6,0.4,0
6692-YQHXC,0.55,0.45,0
9851-QXEEQ,0.6,0.4,0
0206-TBWLC,0.75,0.25,0
2037-SGXHH,0.65,0.35,0
2153-MREFK,1.0,0.0,0
7219-TLZHO,0.55,0.45,0
4283-FUTGF,0.6,0.4,0
6645-MXQJT,0.45,0.55,1
9040-KZVWO,1.0,0.0,0
2400-FEQME,1.0,0.0,0
6437-UDQJM,0.95,0.05,0
6108-OQZDQ,0.45,0.55,1
2003-CKLOR,0.6,0.4,0
9833-TGFHX,0.75,0.25,0
1697-NVVGY,0.75,0.25,0
0975-VOOVL,0.7,0.3,0
0536-BGFMZ,0.55,0.45,0
8570-KLJYJ,1.0,0.0,0
1293-HHSHJ,1.0,0.0,0
7272-QDCKA,0.75,0.25,0
2398-YPMUR,0.35,0.65,1
4318-RAJVY,1.0,0.0,0
9629-NHXFW,0.55,0.45,0
9347-AERRL,1.0,0.0,0
1894-IGFSG,0.35,0.65,1
8879-XUAHX,1.0,0.0,0
1776-SPBWV,1.0,0.0,0
9124-LHCJQ,0.45,0.55,1
4698-KVLLG,1.0,0.0,0
5628-RKIFK,0.45,0.55,1
0434-CSFON,0.45,0.55,1
6859-RKMZJ,0.45,0.55,1
3692-JHONH,0.75,0.25,0
4983-CLMLV,0.6,0.4,0
7649-SIJJF,1.0,0.0,0
5288-AHOUP,0.4,0.6,1
5028-GZLDO,0.55,0.45,0
7369-TRPFD,1.0,0.0,0
3217-FZDMN,0.45,0.55,1
3466-BYAVD,0.85,0.15,0
9039-RBEEE,0.85,0.15,0
0218-QNVAS,0.75,0.25,0
5663-QBGIS,0.9,0.1,0
8766-PAFNE,0.9,0.1,0
8727-JQFHV,1.0,0.0,0
2581-VKIRT,0.8,0.2,0
4432-ADRLB,0.55,0.45,0
6695-AMZUF,1.0,0.0,0
6807-SIWJI,0.8,0.2,0
6967-PEJLL,0.8,0.2,0
3253-HKOKL,0.8,0.2,0
8468-FZTOE,1.0,0.0,0
8108-UXRQN,0.45,0.55,1
7191-ADRGF,1.0,0.0,0
9443-JUBUO,1.0,0.0,0
2468-SJFLM,0.7,0.3,0
0822-QGCXA,0.8,0.2,0
7032-LMBHI,0.9,0.1,0
9867-XOBQA,1.0,0.0,0
8752-GHJFU,1.0,0.0,0
1676-MQAOA,1.0,0.0,0
3001-UNBTL,0.45,0.55,1
6888-SBYAI,0.7,0.3,0
3537-RYBHH,0.75,0.25,0
8191-XWSZG,1.0,0.0,0
9504-DSHWM,0.7,0.3,0
9842-EFSYY,0.85,0.15,0
6418-HNFED,1.0,0.0,0
7249-WBIYX,0.45,0.55,1
2330-PQGDQ,0.95,0.05,0
7520-HQWJU,0.8,0.2,0
3194-ORPIK,0.45,0.55,1
9309-BZGNT,0.95,0.05,0
2990-OGYTD,0.9,0.1,0
4999-IEZLT,1.0,0.0,0
9253-QXKBE,0.45,0.55,1
3174-AKMAS,1.0,0.0,0
1009-IRMNA,0.55,0.45,0
6928-ONTRW,1.0,0.0,0
7710-JSYOA,1.0,0.0,0
7156-MXBJE,0.7,0.3,0
0953-LGOVU,0.7,0.3,0
9079-LWTFD,0.85,0.15,0
6698-OXETB,1.0,0.0,0
2845-AFFTX,0.45,0.55,1
3795-GWTRD,1.0,0.0,0
0378-TOVMS,0.6,0.4,0
1814-WFGVS,0.95,0.05,0
5574-NXZIU,1.0,0.0,0
3057-VJJQE,1.0,0.0,0
0013-EXCHZ,0.5,0.5,0
8430-TWCBX,1.0,0.0,0
1403-LKLIK,1.0,0.0,0
2144-ESWKO,0.95,0.05,0
4998-IKFSE,0.45,0.55,1
2038-LLMLM,0.6,0.4,0
6513-EECDB,0.35,0.65,1
9614-RMGHA,0.6,0.4,0
9600-UDOPK,0.35,0.65,1
5825-XJOCM,0.8,0.2,0
1465-LNTLJ,0.75,0.25,0
4710-NKCAW,0.8,0.2,0
2209-XADXF,0.55,0.45,0
7853-WNZSY,0.55,0.45,0
2858-MOFSQ,1.0,0.0,0
0487-RPVUM,0.85,0.15,0
6980-IMXXE,1.0,0.0,0
1439-LCGVL,1.0,0.0,0
1248-DYXUB,1.0,0.0,0
3551-HUAZH,0.35,0.65,1
6704-UTUKK,0.35,0.65,1
9114-DPSIA,1.0,0.0,0
4402-FTBXC,0.65,0.35,0
2739-CACDQ,0.6,0.4,0
1496-GGSUK,0.35,0.65,1
0727-BNRLG,0.95,0.05,0
4355-HBJHH,1.0,0.0,0
9548-LIGTA,0.9,0.1,0
7940-UQQUG,0.8,0.2,0
8010-EZLOU,0.6,0.4,0
0193-ESZXP,0.6,0.4,0
8325-QRPZR,0.7,0.3,0
2683-BPJSO,0.7,0.3,0
7198-GLXTC,0.45,0.55,1
0411-EZJZE,0.45,0.55,1
5014-WUQMG,1.0,0.0,0
0308-IVGOK,0.8,0.2,0
2190-BCXEC,0.7,0.3,0
4950-BDEUX,0.45,0.55,1
9823-EALYC,1.0,0.0,0
2718-YSKCS,1.0,0.0,0
3845-FXCYS,0.55,0.45,0
3704-IEAXF,1.0,0.0,0
2320-YKQBO,0.55,0.45,0
5884-FBCTL,1.0,0.0,0
5378-IKEEG,0.45,0.55,1
9846-GKXAS,0.35,0.65,1
8905-IAZPF,0.75,0.25,0
3134-DSHVC,0.95,0.05,0
8631-NBHFZ,0.95,0.05,0
1051-EQPZR,0.55,0.45,0
2712-SYWAY,0.55,0.45,0
0604-THJFP,1.0,0.0,0
7577-SWIFR,0.35,0.65,1
4903-CNOZC,0.9,0.1,0
3957-SQXML,1.0,0.0,0
2674-MIAHT,0.7,0.3,0
8465-SBRXP,1.0,0.0,0
5893-PYOLZ,0.9,0.1,0
1078-TDCRN,0.6,0.4,0
5201-FRKKS,0.7,0.3,0
5788-YPOEG,1.0,0.0,0
3900-AQPHZ,0.55,0.45,0
6376-GAHQE,0.45,0.55,1
1285-OKIPP,0.45,0.55,1
9588-YRFHY,1.0,0.0,0
8784-CGILN,0.45,0.55,1
2058-DCJBE,0.55,0.45,0
5756-JYOJT,0.9,0.1,0
6407-UTSLV,0.5,0.5,0
3721-CNZHX,1.0,0.0,0
7061-OVMIM,1.0,0.0,0
5655-JSMZM,0.45,0.55,1
1139-WUOAH,1.0,0.0,0
1045-LTCYT,0.55,0.45,0
5804-HYIEZ,0.6,0.4,0
4712-AUQZO,0.7,0.3,0
0373-AIVNJ,0.8,0.2,0
6352-GIGGQ,0.75,0.25,0
5220-AGAAX,1.0,0.0,0
5208-FVQKB,0.95,0.05,0
2882-DDZPG,0.55,0.45,0
8327-WKMIE,1.0,0.0,0
2560-QTSBS,1.0,0.0,0
6347-DCUIK,0.55,0.45,0
3439-GVUSX,0.55,0.45,0
2754-SDJRD,0.45,0.55,1
8305-VHZBZ,0.55,0.45,0
9589-ABEPT,1.0,0.0,0
5047-LHVLY,0.6,0.4,0
3721-WKIIL,1.0,0.0,0
0516-WJVXC,0.7,0.3,0
9101-BWFSS,0.7,0.3,0
0827-ITJPH,1.0,0.0,0
1972-XMUWV,0.95,0.05,0
9046-JBFWA,0.55,0.45,0
6418-PIQSP,0.9,0.1,0
2848-YXSMW,1.0,0.0,0
1357-BIJKI,0.75,0.25,0
9248-OJYKK,0.35,0.65,1
9359-UGBTK,1.0,0.0,0
5382-TEMLV,0.7,0.3,0
0917-EZOLA,0.9,0.1,0
2719-BDAQO,0.45,0.55,1
8625-AZYZY,0.6,0.4,0
1545-JFUML,0.95,0.05,0
4007-NHVHI,0.75,0.25,0
8859-DZTGQ,1.0,0.0,0
2575-GFSOE,0.55,0.45,0
2931-SVLTV,0.85,0.15,0
1237-WIYYZ,0.55,0.45,0
8587-XYZSF,1.0,0.0,0
1090-ESELR,0.9,0.1,0
9518-IMLHK,0.9,0.1,0
3284-SVCRO,1.0,0.0,0
3847-BAERP,0.55,0.45,0
3074-GQWYX,0.55,0.45,0
3654-ARMGP,0.9,0.1,0
8780-IXSTS,0.6,0.4,0
6120-RJKLU,0.95,0.05,0
1703-MGIAB,0.65,0.35,0
0872-CASZJ,0.9,0.1,0
3733-UOCWF,0.95,0.05,0
5318-YKDPV,0.9,0.1,0
9800-OUIGR,1.0,0.0,0
7013-PSXHK,0.8,0.2,0
5013-SBUIH,0.9,0.1,0
5117-IFGPS,0.4,0.6,1
6171-ZTVYB,0.8,0.2,0
9323-HGFWY,0.8,0.2,0
3778-FOAQW,1.0,0.0,0
0970-ETWGE,0.35,0.65,1
3402-XRIUO,0.75,0.25,0
5196-WPYOW,0.8,0.2,0
8410-BGQXN,0.55,0.45,0
0078-XZMHT,0.9,0.1,0
7094-MSZAO,0.55,0.45,0
0402-OAMEN,1.0,0.0,0
2100-BDNSN,0.65,0.35,0
2519-FAKOD,0.45,0.55,1
6285-FTQBF,1.0,0.0,0
5027-XWQHA,0.55,0.45,0
9742-XOKTS,0.8,0.2,0
2316-ESMLS,0.95,0.05,0
3258-SYSWS,1.0,0.0,0
2065-MMKGR,0.55,0.45,0
8544-JNBOX,1.0,0.0,0
4349-GFQHK,0.7,0.3,0
4881-GQJTW,0.55,0.45,0
5439-WIKXB,0.45,0.55,1
5226-NOZFC,0.6,0.4,0
4774-HHGGS,1.0,0.0,0
6987-XQSJT,0.6,0.4,0
8417-FMLZI,0.6,0.4,0
0841-NULXI,0.45,0.55,1
5478-JJVZK,0.7,0.3,0
5743-KHMNA,1.0,0.0,0
8111-SLLHI,0.55,0.45,0
9926-PJHDQ,0.9,0.1,0
9547-ITEFG,0.6,0.4,0
9909-DFRJA,1.0,0.0,0
9281-OFDMF,0.5,0.5,0
4686-GEFRM,0.95,0.05,0
3296-SILRA,0.6,0.4,0
2219-MVUSO,0.55,0.45,0
0082-OQIQY,0.45,0.55,1
6016-LVTJQ,0.55,0.45,0
6296-DDOOR,0.9,0.1,0
1937-OTUKY,0.95,0.05,0
5935-FCCNB,0.45,0.55,1
2649-HWLYB,0.95,0.05,0
9154-QDGTH,0.8,0.2,0
8910-ICHIU,1.0,0.0,0
7409-KIUTL,0.35,0.65,1
3855-ONCAR,0.45,0.55,1
1494-EJZDW,1.0,0.0,0
2073-QBVBI,0.95,0.05,0
3967-KXAPS,1.0,0.0,0
8286-AFUYI,0.7,0.3,0
6278-FEPBZ,0.55,0.45,0
3714-XPXBW,0.9,0.1,0
2404-JIBFC,0.9,0.1,0
8329-UTMVM,0.75,0.25,0
6713-OKOMC,0.7,0.3,0
3716-LRGXK,0.9,0.1,0
6253-GNHWH,0.95,0.05,0
1580-BMCMR,0.5,0.5,0
1513-XNPPH,0.65,0.35,0
2460-NGXBJ,0.35,0.65,1
4704-ERYFC,0.55,0.45,0
6518-KZXCB,1.0,0.0,0
9140-CZQZZ,0.9,0.1,0
5570-PTWEH,0.55,0.45,0
3237-AJGEH,0.7,0.3,0
5175-AOBHI,0.55,0.45,0
3863-IUBJR,0.65,0.35,0
4439-JMPMT,0.6,0.4,0
2725-KXXWT,0.35,0.65,1
1172-VIYBP,1.0,0.0,0
4836-WNFNO,1.0,0.0,0
2207-OBZNX,0.7,0.3,0
2896-TBNBE,0.95,0.05,0
8552-OBVRU,0.8,0.2,0
1842-EZJMK,0.6,0.4,0
8043-PNYSD,1.0,0.0,0
5730-DBDSI,1.0,0.0,0
8441-SHIPE,1.0,0.0,0
6905-NIQIN,0.7,0.3,0
9453-PATOS,1.0,0.0,0
0343-QLUZP,0.95,0.05,0
8242-PDSGJ,0.95,0.05,0
8388-DMKAE,1.0,0.0,0
9802-CAQUT,0.9,0.1,0
4459-BBGHE,0.35,0.65,1
1640-PLFMP,0.55,0.45,0
6202-DYYFX,1.0,0.0,0
5501-TVMGM,0.45,0.55,1
3030-ZKIWL,0.55,0.45,0
6754-LZUKA,1.0,0.0,0
5039-LZRQT,1.0,0.0,0
2254-DLXRI,0.7,0.3,0
6092-QZVPP,0.85,0.15,0
6986-IXNDM,0.35,0.65,1
2250-IVBWA,0.7,0.3,0
3235-ETOOB,0.7,0.3,0
4979-HPRFL,1.0,0.0,0
3797-VTIDR,0.55,0.45,0
5442-BXVND,0.55,0.45,0
0526-SXDJP,0.95,0.05,0
5266-PFRQK,1.0,0.0,0
2672-TGEFF,0.6,0.4,0
2789-HQBOU,0.45,0.55,1
7677-SJJJK,1.0,0.0,0
0264-CNITK,1.0,0.0,0
7379-POKDZ,0.55,0.45,0
4501-VCPFK,0.7,0.3,0
8806-EAGWC,0.45,0.55,1
5130-YPIRV,0.95,0.05,0
2582-FFFZR,0.45,0.55,1
4201-JMNGR,0.55,0.45,0
6878-GGDWG,0.55,0.45,0
7785-RDVIG,0.55,0.45,0
5032-MIYKT,0.55,0.45,0
8012-SOUDQ,0.5,0.5,0
8295-KMENE,0.95,0.05,0
6023-GSSXW,0.95,0.05,0
3486-HOOGQ,1.0,0.0,0
0330-IVZHA,0.55,0.45,0
3768-NLUBH,0.45,0.55,1
2523-EWWZL,0.7,0.3,0
8313-NDOIA,0.6,0.4,0
3043-SUDUA,0.55,0.45,0
3999-WRNGR,0.45,0.55,1
8216-AZUUZ,1.0,0.0,0
1907-UBQFC,0.6,0.4,0
2607-DHDAK,1.0,0.0,0
8097-OMULG,0.7,0.3,0
9850-OWRHQ,0.55,0.45,0
5067-XJQFU,0.6,0.4,0
8314-DPQHL,1.0,0.0,0
1709-EJDOX,1.0,0.0,0
5676-CFLYY,1.0,0.0,0
5386-THSLQ,0.85,0.15,0
7860-KSUGX,0.95,0.05,0
4712-UYOOI,0.55,0.45,0
8845-LWKGE,0.9,0.1,0
5149-CUZUJ,1.0,0.0,0
7301-ABVAD,0.9,0.1,0
9734-UYXQI,0.55,0.45,0
8722-NGNBH,0.8,0.2,0
1098-TDVUQ,0.55,0.45,0
1355-KUSBG,0.55,0.45,0
3627-FCRDW,0.55,0.45,0
5524-KHNJP,0.8,0.2,0
7450-NWRTR,0.45,0.55,1
5423-BHIXO,0.7,0.3,0
0505-SPOOW,1.0,0.0,0
1062-LHZOD,0.55,0.45,0
1985-MBRYP,1.0,0.0,0
6341-AEVKX,0.7,0.3,0
0311-UNPFF,0.35,0.65,1
5808-TOTXO,1.0,0.0,0
4024-CSNBY,0.95,0.05,0
1343-EHPYB,0.6,0.4,0
4299-SIMNS,0.7,0.3,0
3936-QQFLL,0.55,0.45,0
6551-ZCOTS,1.0,0.0,0
9924-JPRMC,1.0,0.0,0
9046-DQMTP,0.55,0.45,0
4450-DLLMH,0.55,0.45,0
0248-PGHBZ,0.95,0.05,0
7663-RGWBC,0.55,0.45,0
3359-DSRKA,1.0,0.0,0
2796-UUZZO,0.7,0.3,0
0334-GDDSO,0.6,0.4,0
8819-WFGGJ,1.0,0.0,0
5977-CKHON,0.6,0.4,0
4718-DHSMV,0.45,0.55,1
2302-ANTDP,0.75,0.25,0
6682-QJDGB,0.7,0.3,0
3750-RNQKR,0.55,0.45,0
9236-NDUCW,0.95,0.05,0
6143-JQKEA,0.55,0.45,0
8922-LIEGH,0.5,0.5,0
0876-WDUUZ,0.6,0.4,0
5546-BYZSM,0.55,0.45,0
9564-KCLHR,0.7,0.3,0
4184-TJFAN,0.75,0.25,0
2812-REYAT,1.0,0.0,0
6302-JGYRJ,0.8,0.2,0
5569-KGJHX,0.45,0.55,1
1335-NTIUC,0.55,0.45,0
4745-LSPLO,0.55,0.45,0
6856-RAURS,0.55,0.45,0
6326-MTTXK,0.45,0.55,1
0019-GFNTW,0.95,0.05,0
4312-GVYNH,0.95,0.05,0
0015-UOCOJ,0.6,0.4,0
2252-ISRNH,0.9,0.1,0
7606-BPHHN,1.0,0.0,0
9722-UJOJR,0.55,0.45,0
3688-FTHLT,0.45,0.55,1
4789-KWMXN,0.7,0.3,0
5067-WJEUN,0.95,0.05,0
3317-VLGQT,0.45,0.55,1
9837-BMCLM,0.45,0.55,1
1574-DYCWE,1.0,0.0,0
9912-OMZDS,0.8,0.2,0
6234-PFPXL,0.65,0.35,0
8708-XPXHZ,0.35,0.65,1
4994-OBRSZ,1.0,0.0,0
5442-UTCVD,0.6,0.4,0
9441-QHEVC,0.55,0.45,0
7996-MHXLW,1.0,0.0,0
3091-FYHKI,0.45,0.55,1
3657-COGMW,0.8,0.2,0
4115-BNPJY,1.0,0.0,0
7156-MHUGY,0.45,0.55,1
8082-GHXOP,0.55,0.45,0
8138-EALND,0.55,0.45,0
0975-UYDTX,0.75,0.25,0
1431-AIDJQ,0.9,0.1,0
9848-JQJTX,1.0,0.0,0
0531-XBKMM,0.95,0.05,0
3276-HDUEG,0.55,0.45,0
0265-PSUAE,0.6,0.4,0
9961-JBNMK,0.45,0.55,1
7361-YPXFS,0.75,0.25,0
8999-XXGNS,0.75,0.25,0
4475-NVTLU,1.0,0.0,0
2880-FPNAE,0.6,0.4,0
7579-OOPEC,0.6,0.4,0
9360-AHGNL,0.6,0.4,0
5774-QPLTF,1.0,0.0,0
7340-KEFQE,0.95,0.05,0
6338-AVWCY,0.6,0.4,0
